"code_rome","libelle_rome","code_grand_domaine","libelle_grand_domaine","code_domaine_professionel","libelle_domaine_professionel"
"A1101","Conduite d''engins agricoles et forestiers","A","AGRICULTURE ET PÊCHE, ESPACES NATURELS ET ESPACES VERTS, SOINS AUX ANIMAUX","A11","Engins agricoles et forestiers"
"A1201","Bûcheronnage et élagage","A","AGRICULTURE ET PÊCHE, ESPACES NATURELS ET ESPACES VERTS, SOINS AUX ANIMAUX","A12","Espaces naturels et espaces verts"
"A1202","Entretien des espaces naturels","A","AGRICULTURE ET PÊCHE, ESPACES NATURELS ET ESPACES VERTS, SOINS AUX ANIMAUX","A12","Espaces naturels et espaces verts"
"A1203","Entretien des espaces verts","A","AGRICULTURE ET PÊCHE, ESPACES NATURELS ET ESPACES VERTS, SOINS AUX ANIMAUX","A12","Espaces naturels et espaces verts"
"A1204","Protection du patrimoine naturel","A","AGRICULTURE ET PÊCHE, ESPACES NATURELS ET ESPACES VERTS, SOINS AUX ANIMAUX","A12","Espaces naturels et espaces verts"
"A1205","Sylviculture","A","AGRICULTURE ET PÊCHE, ESPACES NATURELS ET ESPACES VERTS, SOINS AUX ANIMAUX","A12","Espaces naturels et espaces verts"
"A1301","Conseil et assistance technique en agriculture","A","AGRICULTURE ET PÊCHE, ESPACES NATURELS ET ESPACES VERTS, SOINS AUX ANIMAUX","A13","Etudes et assistance technique"
"A1302","Contrôle et diagnostic technique en agriculture","A","AGRICULTURE ET PÊCHE, ESPACES NATURELS ET ESPACES VERTS, SOINS AUX ANIMAUX","A13","Etudes et assistance technique"
"A1303","Ingénierie en agriculture et environnement naturel","A","AGRICULTURE ET PÊCHE, ESPACES NATURELS ET ESPACES VERTS, SOINS AUX ANIMAUX","A13","Etudes et assistance technique"
"A1401","Aide agricole de production fruitière ou viticole","A","AGRICULTURE ET PÊCHE, ESPACES NATURELS ET ESPACES VERTS, SOINS AUX ANIMAUX","A14","Production"
"A1402","Aide agricole de production légumière ou végétale","A","AGRICULTURE ET PÊCHE, ESPACES NATURELS ET ESPACES VERTS, SOINS AUX ANIMAUX","A14","Production"
"A1403","Aide d''élevage agricole et aquacole","A","AGRICULTURE ET PÊCHE, ESPACES NATURELS ET ESPACES VERTS, SOINS AUX ANIMAUX","A14","Production"
"A1404","Aquaculture","A","AGRICULTURE ET PÊCHE, ESPACES NATURELS ET ESPACES VERTS, SOINS AUX ANIMAUX","A14","Production"
"A1405","Arboriculture et viticulture","A","AGRICULTURE ET PÊCHE, ESPACES NATURELS ET ESPACES VERTS, SOINS AUX ANIMAUX","A14","Production"
"A1406","Encadrement équipage de la pêche","A","AGRICULTURE ET PÊCHE, ESPACES NATURELS ET ESPACES VERTS, SOINS AUX ANIMAUX","A14","Production"
"A1407","Élevage bovin ou équin","A","AGRICULTURE ET PÊCHE, ESPACES NATURELS ET ESPACES VERTS, SOINS AUX ANIMAUX","A14","Production"
"A1408","Élevage d''animaux sauvages ou de compagnie","A","AGRICULTURE ET PÊCHE, ESPACES NATURELS ET ESPACES VERTS, SOINS AUX ANIMAUX","A14","Production"
"A1409","Élevage de lapins et volailles","A","AGRICULTURE ET PÊCHE, ESPACES NATURELS ET ESPACES VERTS, SOINS AUX ANIMAUX","A14","Production"
"A1410","Élevage ovin ou caprin","A","AGRICULTURE ET PÊCHE, ESPACES NATURELS ET ESPACES VERTS, SOINS AUX ANIMAUX","A14","Production"
"A1411","Élevage porcin","A","AGRICULTURE ET PÊCHE, ESPACES NATURELS ET ESPACES VERTS, SOINS AUX ANIMAUX","A14","Production"
"A1412","Fabrication et affinage de fromages","A","AGRICULTURE ET PÊCHE, ESPACES NATURELS ET ESPACES VERTS, SOINS AUX ANIMAUX","A14","Production"
"A1413","Fermentation de boissons alcoolisées","A","AGRICULTURE ET PÊCHE, ESPACES NATURELS ET ESPACES VERTS, SOINS AUX ANIMAUX","A14","Production"
"A1414","Horticulture et maraîchage","A","AGRICULTURE ET PÊCHE, ESPACES NATURELS ET ESPACES VERTS, SOINS AUX ANIMAUX","A14","Production"
"A1415","Equipage de la pêche","A","AGRICULTURE ET PÊCHE, ESPACES NATURELS ET ESPACES VERTS, SOINS AUX ANIMAUX","A14","Production"
"A1416","Polyculture, élevage","A","AGRICULTURE ET PÊCHE, ESPACES NATURELS ET ESPACES VERTS, SOINS AUX ANIMAUX","A14","Production"
"A1417","Saliculture","A","AGRICULTURE ET PÊCHE, ESPACES NATURELS ET ESPACES VERTS, SOINS AUX ANIMAUX","A14","Production"
"A1501","Aide aux soins animaux","A","AGRICULTURE ET PÊCHE, ESPACES NATURELS ET ESPACES VERTS, SOINS AUX ANIMAUX","A15","Soins aux animaux"
"A1502","Podologie animale","A","AGRICULTURE ET PÊCHE, ESPACES NATURELS ET ESPACES VERTS, SOINS AUX ANIMAUX","A15","Soins aux animaux"
"A1503","Toilettage des animaux","A","AGRICULTURE ET PÊCHE, ESPACES NATURELS ET ESPACES VERTS, SOINS AUX ANIMAUX","A15","Soins aux animaux"
"A1504","Santé animale","A","AGRICULTURE ET PÊCHE, ESPACES NATURELS ET ESPACES VERTS, SOINS AUX ANIMAUX","A15","Soins aux animaux"
"B1101","Création en arts plastiques","B","ARTS ET FACONNAGE D''OUVRAGES D''ART","B11","Arts plastiques"
"B1201","Réalisation d''objets décoratifs et utilitaires en céramique et matériaux de synthèse","B","ARTS ET FACONNAGE D''OUVRAGES D''ART","B12","Céramique"
"B1301","Décoration d''espaces de vente et d''exposition","B","ARTS ET FACONNAGE D''OUVRAGES D''ART","B13","Décoration"
"B1302","Décoration d''objets d''art et artisanaux","B","ARTS ET FACONNAGE D''OUVRAGES D''ART","B13","Décoration"
"B1303","Gravure - ciselure","B","ARTS ET FACONNAGE D''OUVRAGES D''ART","B13","Décoration"
"B1401","Réalisation d''objets en lianes, fibres et brins végétaux","B","ARTS ET FACONNAGE D''OUVRAGES D''ART","B14","Fibres et papier"
"B1402","Reliure et restauration de livres et archives","B","ARTS ET FACONNAGE D''OUVRAGES D''ART","B14","Fibres et papier"
"B1501","Fabrication et réparation d''instruments de musique","B","ARTS ET FACONNAGE D''OUVRAGES D''ART","B15","Instruments de musique"
"B1601","Métallerie d''art","B","ARTS ET FACONNAGE D''OUVRAGES D''ART","B16","Métal, verre, bijouterie et horlogerie"
"B1602","Réalisation d''objets artistiques et fonctionnels en verre","B","ARTS ET FACONNAGE D''OUVRAGES D''ART","B16","Métal, verre, bijouterie et horlogerie"
"B1603","Réalisation d''ouvrages en bijouterie, joaillerie et orfèvrerie","B","ARTS ET FACONNAGE D''OUVRAGES D''ART","B16","Métal, verre, bijouterie et horlogerie"
"B1604","Réparation - montage en systèmes horlogers","B","ARTS ET FACONNAGE D''OUVRAGES D''ART","B16","Métal, verre, bijouterie et horlogerie"
"B1701","Conservation et reconstitution d''espèces animales","B","ARTS ET FACONNAGE D''OUVRAGES D''ART","B17","Taxidermie"
"B1801","Réalisation d''articles de chapellerie","B","ARTS ET FACONNAGE D''OUVRAGES D''ART","B18","Tissu et cuirs"
"B1802","Réalisation d''articles en cuir et matériaux souples (hors vêtement)","B","ARTS ET FACONNAGE D''OUVRAGES D''ART","B18","Tissu et cuirs"
"B1803","Réalisation de vêtements sur mesure ou en petite série","B","ARTS ET FACONNAGE D''OUVRAGES D''ART","B18","Tissu et cuirs"
"B1804","Réalisation d''ouvrages d''art en fils","B","ARTS ET FACONNAGE D''OUVRAGES D''ART","B18","Tissu et cuirs"
"B1805","Stylisme","B","ARTS ET FACONNAGE D''OUVRAGES D''ART","B18","Tissu et cuirs"
"B1806","Tapisserie - décoration en ameublement","B","ARTS ET FACONNAGE D''OUVRAGES D''ART","B18","Tissu et cuirs"
"C1101","Conception - développement produits d''assurances","C","BANQUE, ASSURANCE, IMMOBILIER","C11","Assurance"
"C1102","Conseil clientèle en assurances","C","BANQUE, ASSURANCE, IMMOBILIER","C11","Assurance"
"C1103","Courtage en assurances","C","BANQUE, ASSURANCE, IMMOBILIER","C11","Assurance"
"C1104","Direction d''exploitation en assurances","C","BANQUE, ASSURANCE, IMMOBILIER","C11","Assurance"
"C1105","Études actuarielles en assurances","C","BANQUE, ASSURANCE, IMMOBILIER","C11","Assurance"
"C1106","Expertise risques en assurances","C","BANQUE, ASSURANCE, IMMOBILIER","C11","Assurance"
"C1107","Indemnisations en assurances","C","BANQUE, ASSURANCE, IMMOBILIER","C11","Assurance"
"C1108","Management de groupe et de service en assurances","C","BANQUE, ASSURANCE, IMMOBILIER","C11","Assurance"
"C1109","Rédaction et gestion en assurances","C","BANQUE, ASSURANCE, IMMOBILIER","C11","Assurance"
"C1110","Souscription d''assurances","C","BANQUE, ASSURANCE, IMMOBILIER","C11","Assurance"
"C1201","Accueil et services bancaires","C","BANQUE, ASSURANCE, IMMOBILIER","C12","Banque"
"C1202","Analyse de crédits et risques bancaires","C","BANQUE, ASSURANCE, IMMOBILIER","C12","Banque"
"C1203","Relation clients banque/finance","C","BANQUE, ASSURANCE, IMMOBILIER","C12","Banque"
"C1204","Conception et expertise produits bancaires et financiers","C","BANQUE, ASSURANCE, IMMOBILIER","C12","Banque"
"C1205","Conseil en gestion de patrimoine financier","C","BANQUE, ASSURANCE, IMMOBILIER","C12","Banque"
"C1206","Gestion de clientèle bancaire","C","BANQUE, ASSURANCE, IMMOBILIER","C12","Banque"
"C1207","Management en exploitation bancaire","C","BANQUE, ASSURANCE, IMMOBILIER","C12","Banque"
"C1301","Front office marchés financiers","C","BANQUE, ASSURANCE, IMMOBILIER","C13","Finance"
"C1302","Gestion back et middle-office marchés financiers","C","BANQUE, ASSURANCE, IMMOBILIER","C13","Finance"
"C1303","Gestion de portefeuilles sur les marchés financiers","C","BANQUE, ASSURANCE, IMMOBILIER","C13","Finance"
"C1401","Gestion en banque et assurance","C","BANQUE, ASSURANCE, IMMOBILIER","C14","Gestion administrative banque et assurances"
"C1501","Gérance immobilière","C","BANQUE, ASSURANCE, IMMOBILIER","C15","Immobilier"
"C1502","Gestion locative immobilière","C","BANQUE, ASSURANCE, IMMOBILIER","C15","Immobilier"
"C1503","Management de projet immobilier","C","BANQUE, ASSURANCE, IMMOBILIER","C15","Immobilier"
"C1504","Transaction immobilière","C","BANQUE, ASSURANCE, IMMOBILIER","C15","Immobilier"
"D1101","Boucherie","D","COMMERCE, VENTE ET GRANDE DISTRIBUTION","D11","Commerce alimentaire et métiers de bouche"
"D1102","Boulangerie - viennoiserie","D","COMMERCE, VENTE ET GRANDE DISTRIBUTION","D11","Commerce alimentaire et métiers de bouche"
"D1103","Charcuterie - traiteur","D","COMMERCE, VENTE ET GRANDE DISTRIBUTION","D11","Commerce alimentaire et métiers de bouche"
"D1104","Pâtisserie, confiserie, chocolaterie et glacerie","D","COMMERCE, VENTE ET GRANDE DISTRIBUTION","D11","Commerce alimentaire et métiers de bouche"
"D1105","Poissonnerie","D","COMMERCE, VENTE ET GRANDE DISTRIBUTION","D11","Commerce alimentaire et métiers de bouche"
"D1106","Vente en alimentation","D","COMMERCE, VENTE ET GRANDE DISTRIBUTION","D11","Commerce alimentaire et métiers de bouche"
"D1107","Vente en gros de produits frais","D","COMMERCE, VENTE ET GRANDE DISTRIBUTION","D11","Commerce alimentaire et métiers de bouche"
"D1201","Achat vente d''objets d''art, anciens ou d''occasion","D","COMMERCE, VENTE ET GRANDE DISTRIBUTION","D12","Commerce non alimentaire et de prestations de confort"
"D1202","Coiffure","D","COMMERCE, VENTE ET GRANDE DISTRIBUTION","D12","Commerce non alimentaire et de prestations de confort"
"D1203","Hydrothérapie","D","COMMERCE, VENTE ET GRANDE DISTRIBUTION","D12","Commerce non alimentaire et de prestations de confort"
"D1204","Location de véhicules ou de matériel de loisirs","D","COMMERCE, VENTE ET GRANDE DISTRIBUTION","D12","Commerce non alimentaire et de prestations de confort"
"D1205","Nettoyage d''articles textiles ou cuirs","D","COMMERCE, VENTE ET GRANDE DISTRIBUTION","D12","Commerce non alimentaire et de prestations de confort"
"D1206","Réparation d''articles en cuir et matériaux souples","D","COMMERCE, VENTE ET GRANDE DISTRIBUTION","D12","Commerce non alimentaire et de prestations de confort"
"D1207","Retouches en habillement","D","COMMERCE, VENTE ET GRANDE DISTRIBUTION","D12","Commerce non alimentaire et de prestations de confort"
"D1208","Soins esthétiques et corporels","D","COMMERCE, VENTE ET GRANDE DISTRIBUTION","D12","Commerce non alimentaire et de prestations de confort"
"D1209","Vente de végétaux","D","COMMERCE, VENTE ET GRANDE DISTRIBUTION","D12","Commerce non alimentaire et de prestations de confort"
"D1210","Vente en animalerie","D","COMMERCE, VENTE ET GRANDE DISTRIBUTION","D12","Commerce non alimentaire et de prestations de confort"
"D1211","Vente en articles de sport et loisirs","D","COMMERCE, VENTE ET GRANDE DISTRIBUTION","D12","Commerce non alimentaire et de prestations de confort"
"D1212","Vente en décoration et équipement du foyer","D","COMMERCE, VENTE ET GRANDE DISTRIBUTION","D12","Commerce non alimentaire et de prestations de confort"
"D1213","Vente en gros de matériel et équipement","D","COMMERCE, VENTE ET GRANDE DISTRIBUTION","D12","Commerce non alimentaire et de prestations de confort"
"D1214","Vente en habillement et accessoires de la personne","D","COMMERCE, VENTE ET GRANDE DISTRIBUTION","D12","Commerce non alimentaire et de prestations de confort"
"D1301","Management de magasin de détail","D","COMMERCE, VENTE ET GRANDE DISTRIBUTION","D13","Direction de magasin de détail"
"D1401","Assistanat commercial","D","COMMERCE, VENTE ET GRANDE DISTRIBUTION","D14","Force de vente"
"D1402","Relation commerciale grands comptes et entreprises","D","COMMERCE, VENTE ET GRANDE DISTRIBUTION","D14","Force de vente"
"D1403","Relation commerciale auprès de particuliers","D","COMMERCE, VENTE ET GRANDE DISTRIBUTION","D14","Force de vente"
"D1404","Relation commerciale en vente de véhicules","D","COMMERCE, VENTE ET GRANDE DISTRIBUTION","D14","Force de vente"
"D1405","Conseil en information médicale","D","COMMERCE, VENTE ET GRANDE DISTRIBUTION","D14","Force de vente"
"D1406","Management en force de vente","D","COMMERCE, VENTE ET GRANDE DISTRIBUTION","D14","Force de vente"
"D1407","Relation technico-commerciale","D","COMMERCE, VENTE ET GRANDE DISTRIBUTION","D14","Force de vente"
"D1408","Téléconseil et télévente","D","COMMERCE, VENTE ET GRANDE DISTRIBUTION","D14","Force de vente"
"D1501","Animation de vente","D","COMMERCE, VENTE ET GRANDE DISTRIBUTION","D15","Grande distribution"
"D1502","Management/gestion de rayon produits alimentaires","D","COMMERCE, VENTE ET GRANDE DISTRIBUTION","D15","Grande distribution"
"D1503","Management/gestion de rayon produits non alimentaires","D","COMMERCE, VENTE ET GRANDE DISTRIBUTION","D15","Grande distribution"
"D1504","Direction de magasin de grande distribution","D","COMMERCE, VENTE ET GRANDE DISTRIBUTION","D15","Grande distribution"
"D1505","Personnel de caisse","D","COMMERCE, VENTE ET GRANDE DISTRIBUTION","D15","Grande distribution"
"D1506","Marchandisage","D","COMMERCE, VENTE ET GRANDE DISTRIBUTION","D15","Grande distribution"
"D1507","Mise en rayon libre-service","D","COMMERCE, VENTE ET GRANDE DISTRIBUTION","D15","Grande distribution"
"D1508","Encadrement du personnel de caisses","D","COMMERCE, VENTE ET GRANDE DISTRIBUTION","D15","Grande distribution"
"D1509","Management de département en grande distribution","D","COMMERCE, VENTE ET GRANDE DISTRIBUTION","D15","Grande distribution"
"E1101","Animation de site multimédia","E","COMMUNICATION, MEDIA ET MULTIMEDIA","E11","Edition et communication"
"E1102","Ecriture d''ouvrages, de livres","E","COMMUNICATION, MEDIA ET MULTIMEDIA","E11","Edition et communication"
"E1103","Communication","E","COMMUNICATION, MEDIA ET MULTIMEDIA","E11","Edition et communication"
"E1104","Conception de contenus multimédias","E","COMMUNICATION, MEDIA ET MULTIMEDIA","E11","Edition et communication"
"E1105","Coordination d''édition","E","COMMUNICATION, MEDIA ET MULTIMEDIA","E11","Edition et communication"
"E1106","Journalisme et information média","E","COMMUNICATION, MEDIA ET MULTIMEDIA","E11","Edition et communication"
"E1107","Organisation d''évènementiel","E","COMMUNICATION, MEDIA ET MULTIMEDIA","E11","Edition et communication"
"E1108","Traduction, interprétariat","E","COMMUNICATION, MEDIA ET MULTIMEDIA","E11","Edition et communication"
"E1201","Photographie","E","COMMUNICATION, MEDIA ET MULTIMEDIA","E12","Images et sons"
"E1202","Production en laboratoire cinématographique","E","COMMUNICATION, MEDIA ET MULTIMEDIA","E12","Images et sons"
"E1203","Production en laboratoire photographique","E","COMMUNICATION, MEDIA ET MULTIMEDIA","E12","Images et sons"
"E1204","Projection cinéma","E","COMMUNICATION, MEDIA ET MULTIMEDIA","E12","Images et sons"
"E1205","Réalisation de contenus multimédias","E","COMMUNICATION, MEDIA ET MULTIMEDIA","E12","Images et sons"
"E1301","Conduite de machines d''impression","E","COMMUNICATION, MEDIA ET MULTIMEDIA","E13","Industries graphiques"
"E1302","Conduite de machines de façonnage routage","E","COMMUNICATION, MEDIA ET MULTIMEDIA","E13","Industries graphiques"
"E1303","Encadrement des industries graphiques","E","COMMUNICATION, MEDIA ET MULTIMEDIA","E13","Industries graphiques"
"E1304","Façonnage et routage","E","COMMUNICATION, MEDIA ET MULTIMEDIA","E13","Industries graphiques"
"E1305","Préparation et correction en édition et presse","E","COMMUNICATION, MEDIA ET MULTIMEDIA","E13","Industries graphiques"
"E1306","Prépresse","E","COMMUNICATION, MEDIA ET MULTIMEDIA","E13","Industries graphiques"
"E1307","Reprographie","E","COMMUNICATION, MEDIA ET MULTIMEDIA","E13","Industries graphiques"
"E1308","Intervention technique en industrie graphique","E","COMMUNICATION, MEDIA ET MULTIMEDIA","E13","Industries graphiques"
"E1401","Développement et promotion publicitaire","E","COMMUNICATION, MEDIA ET MULTIMEDIA","E14","Publicité"
"E1402","Élaboration de plan média","E","COMMUNICATION, MEDIA ET MULTIMEDIA","E14","Publicité"
"F1101","Architecture du BTP","F","CONSTRUCTION, BÂTIMENT ET TRAVAUX PUBLICS","F11","Conception et études"
"F1102","Conception - aménagement d''espaces intérieurs","F","CONSTRUCTION, BÂTIMENT ET TRAVAUX PUBLICS","F11","Conception et études"
"F1103","Contrôle et diagnostic technique du bâtiment","F","CONSTRUCTION, BÂTIMENT ET TRAVAUX PUBLICS","F11","Conception et études"
"F1104","Dessin BTP","F","CONSTRUCTION, BÂTIMENT ET TRAVAUX PUBLICS","F11","Conception et études"
"F1105","Études géologiques","F","CONSTRUCTION, BÂTIMENT ET TRAVAUX PUBLICS","F11","Conception et études"
"F1106","Ingénierie et études du BTP","F","CONSTRUCTION, BÂTIMENT ET TRAVAUX PUBLICS","F11","Conception et études"
"F1107","Mesures topographiques","F","CONSTRUCTION, BÂTIMENT ET TRAVAUX PUBLICS","F11","Conception et études"
"F1108","Métré de la construction","F","CONSTRUCTION, BÂTIMENT ET TRAVAUX PUBLICS","F11","Conception et études"
"F1201","Conduite de travaux du BTP","F","CONSTRUCTION, BÂTIMENT ET TRAVAUX PUBLICS","F12","Conduite et encadrement de chantier - travaux"
"F1202","Direction de chantier du BTP","F","CONSTRUCTION, BÂTIMENT ET TRAVAUX PUBLICS","F12","Conduite et encadrement de chantier - travaux"
"F1203","Direction et ingénierie d''exploitation de gisements et de carrières","F","CONSTRUCTION, BÂTIMENT ET TRAVAUX PUBLICS","F12","Conduite et encadrement de chantier - travaux"
"F1204","Sécurité et protection santé du BTP","F","CONSTRUCTION, BÂTIMENT ET TRAVAUX PUBLICS","F12","Conduite et encadrement de chantier - travaux"
"F1301","Conduite de grue","F","CONSTRUCTION, BÂTIMENT ET TRAVAUX PUBLICS","F13","Engins de chantier"
"F1302","Conduite d''engins de terrassement et de carrière","F","CONSTRUCTION, BÂTIMENT ET TRAVAUX PUBLICS","F13","Engins de chantier"
"F1401","Extraction liquide et gazeuse","F","CONSTRUCTION, BÂTIMENT ET TRAVAUX PUBLICS","F14","Extraction"
"F1402","Extraction solide","F","CONSTRUCTION, BÂTIMENT ET TRAVAUX PUBLICS","F14","Extraction"
"F1501","Montage de structures et de charpentes bois","F","CONSTRUCTION, BÂTIMENT ET TRAVAUX PUBLICS","F15","Montage de structures"
"F1502","Montage de structures métalliques","F","CONSTRUCTION, BÂTIMENT ET TRAVAUX PUBLICS","F15","Montage de structures"
"F1503","Réalisation - installation d''ossatures bois","F","CONSTRUCTION, BÂTIMENT ET TRAVAUX PUBLICS","F15","Montage de structures"
"F1601","Application et décoration en plâtre, stuc et staff","F","CONSTRUCTION, BÂTIMENT ET TRAVAUX PUBLICS","F16","Second oeuvre"
"F1602","Électricité bâtiment","F","CONSTRUCTION, BÂTIMENT ET TRAVAUX PUBLICS","F16","Second oeuvre"
"F1603","Installation d''équipements sanitaires et thermiques","F","CONSTRUCTION, BÂTIMENT ET TRAVAUX PUBLICS","F16","Second oeuvre"
"F1604","Montage d''agencements","F","CONSTRUCTION, BÂTIMENT ET TRAVAUX PUBLICS","F16","Second oeuvre"
"F1605","Montage de réseaux électriques et télécoms","F","CONSTRUCTION, BÂTIMENT ET TRAVAUX PUBLICS","F16","Second oeuvre"
"F1606","Peinture en bâtiment","F","CONSTRUCTION, BÂTIMENT ET TRAVAUX PUBLICS","F16","Second oeuvre"
"F1607","Pose de fermetures menuisées","F","CONSTRUCTION, BÂTIMENT ET TRAVAUX PUBLICS","F16","Second oeuvre"
"F1608","Pose de revêtements rigides","F","CONSTRUCTION, BÂTIMENT ET TRAVAUX PUBLICS","F16","Second oeuvre"
"F1609","Pose de revêtements souples","F","CONSTRUCTION, BÂTIMENT ET TRAVAUX PUBLICS","F16","Second oeuvre"
"F1610","Pose et restauration de couvertures","F","CONSTRUCTION, BÂTIMENT ET TRAVAUX PUBLICS","F16","Second oeuvre"
"F1611","Réalisation et restauration de façades","F","CONSTRUCTION, BÂTIMENT ET TRAVAUX PUBLICS","F16","Second oeuvre"
"F1612","Taille et décoration de pierres","F","CONSTRUCTION, BÂTIMENT ET TRAVAUX PUBLICS","F16","Second oeuvre"
"F1613","Travaux d''étanchéité et d''isolation","F","CONSTRUCTION, BÂTIMENT ET TRAVAUX PUBLICS","F16","Second oeuvre"
"F1701","Construction en béton","F","CONSTRUCTION, BÂTIMENT ET TRAVAUX PUBLICS","F17","Travaux et gros oeuvre"
"F1702","Construction de routes et voies","F","CONSTRUCTION, BÂTIMENT ET TRAVAUX PUBLICS","F17","Travaux et gros oeuvre"
"F1703","Maçonnerie","F","CONSTRUCTION, BÂTIMENT ET TRAVAUX PUBLICS","F17","Travaux et gros oeuvre"
"F1704","Préparation du gros oeuvre et des travaux publics","F","CONSTRUCTION, BÂTIMENT ET TRAVAUX PUBLICS","F17","Travaux et gros oeuvre"
"F1705","Pose de canalisations","F","CONSTRUCTION, BÂTIMENT ET TRAVAUX PUBLICS","F17","Travaux et gros oeuvre"
"F1706","Préfabrication en béton industriel","F","CONSTRUCTION, BÂTIMENT ET TRAVAUX PUBLICS","F17","Travaux et gros oeuvre"
"G1101","Accueil touristique","G","HÔTELLERIE- RESTAURATION TOURISME LOISIRS ET ANIMATION","G11","Accueil et promotion touristique"
"G1102","Promotion du tourisme local","G","HÔTELLERIE- RESTAURATION TOURISME LOISIRS ET ANIMATION","G11","Accueil et promotion touristique"
"G1201","Accompagnement de voyages, d''activités culturelles ou sportives","G","HÔTELLERIE- RESTAURATION TOURISME LOISIRS ET ANIMATION","G12","Animation d''activités de loisirs"
"G1202","Animation d''activités culturelles ou ludiques","G","HÔTELLERIE- RESTAURATION TOURISME LOISIRS ET ANIMATION","G12","Animation d''activités de loisirs"
"G1203","Animation de loisirs auprès d''enfants ou d''adolescents","G","HÔTELLERIE- RESTAURATION TOURISME LOISIRS ET ANIMATION","G12","Animation d''activités de loisirs"
"G1204","Éducation en activités sportives","G","HÔTELLERIE- RESTAURATION TOURISME LOISIRS ET ANIMATION","G12","Animation d''activités de loisirs"
"G1205","Personnel d''attractions ou de structures de loisirs","G","HÔTELLERIE- RESTAURATION TOURISME LOISIRS ET ANIMATION","G12","Animation d''activités de loisirs"
"G1206","Personnel technique des jeux","G","HÔTELLERIE- RESTAURATION TOURISME LOISIRS ET ANIMATION","G12","Animation d''activités de loisirs"
"G1301","Conception de produits touristiques","G","HÔTELLERIE- RESTAURATION TOURISME LOISIRS ET ANIMATION","G13","Conception, commercialisation et vente de produits touristiques"
"G1302","Optimisation de produits touristiques","G","HÔTELLERIE- RESTAURATION TOURISME LOISIRS ET ANIMATION","G13","Conception, commercialisation et vente de produits touristiques"
"G1303","Vente de voyages","G","HÔTELLERIE- RESTAURATION TOURISME LOISIRS ET ANIMATION","G13","Conception, commercialisation et vente de produits touristiques"
"G1401","Assistance de direction d''hôtel-restaurant","G","HÔTELLERIE- RESTAURATION TOURISME LOISIRS ET ANIMATION","G14","Gestion et direction"
"G1402","Management d''hôtel-restaurant","G","HÔTELLERIE- RESTAURATION TOURISME LOISIRS ET ANIMATION","G14","Gestion et direction"
"G1403","Gestion de structure de loisirs ou d''hébergement touristique","G","HÔTELLERIE- RESTAURATION TOURISME LOISIRS ET ANIMATION","G14","Gestion et direction"
"G1404","Management d''établissement de restauration collective","G","HÔTELLERIE- RESTAURATION TOURISME LOISIRS ET ANIMATION","G14","Gestion et direction"
"G1501","Personnel d''étage","G","HÔTELLERIE- RESTAURATION TOURISME LOISIRS ET ANIMATION","G15","Personnel d''étage en hôtellerie"
"G1502","Personnel polyvalent d''hôtellerie","G","HÔTELLERIE- RESTAURATION TOURISME LOISIRS ET ANIMATION","G15","Personnel d''étage en hôtellerie"
"G1503","Management du personnel d''étage","G","HÔTELLERIE- RESTAURATION TOURISME LOISIRS ET ANIMATION","G15","Personnel d''étage en hôtellerie"
"G1601","Management du personnel de cuisine","G","HÔTELLERIE- RESTAURATION TOURISME LOISIRS ET ANIMATION","G16","Production culinaire"
"G1602","Personnel de cuisine","G","HÔTELLERIE- RESTAURATION TOURISME LOISIRS ET ANIMATION","G16","Production culinaire"
"G1603","Personnel polyvalent en restauration","G","HÔTELLERIE- RESTAURATION TOURISME LOISIRS ET ANIMATION","G16","Production culinaire"
"G1604","Fabrication de crêpes ou pizzas","G","HÔTELLERIE- RESTAURATION TOURISME LOISIRS ET ANIMATION","G16","Production culinaire"
"G1605","Plonge en restauration","G","HÔTELLERIE- RESTAURATION TOURISME LOISIRS ET ANIMATION","G16","Production culinaire"
"G1701","Conciergerie en hôtellerie","G","HÔTELLERIE- RESTAURATION TOURISME LOISIRS ET ANIMATION","G17","Accueil en hôtellerie"
"G1702","Personnel du hall","G","HÔTELLERIE- RESTAURATION TOURISME LOISIRS ET ANIMATION","G17","Accueil en hôtellerie"
"G1703","Réception en hôtellerie","G","HÔTELLERIE- RESTAURATION TOURISME LOISIRS ET ANIMATION","G17","Accueil en hôtellerie"
"G1801","Café, bar brasserie","G","HÔTELLERIE- RESTAURATION TOURISME LOISIRS ET ANIMATION","G18","Service"
"G1802","Management du service en restauration","G","HÔTELLERIE- RESTAURATION TOURISME LOISIRS ET ANIMATION","G18","Service"
"G1803","Service en restauration","G","HÔTELLERIE- RESTAURATION TOURISME LOISIRS ET ANIMATION","G18","Service"
"G1804","Sommellerie","G","HÔTELLERIE- RESTAURATION TOURISME LOISIRS ET ANIMATION","G18","Service"
"H1101","Assistance et support technique client","H","INDUSTRIE","H11","Affaires et support technique client"
"H1102","Management et ingénierie d''affaires","H","INDUSTRIE","H11","Affaires et support technique client"
"H1201","Expertise technique couleur en industrie","H","INDUSTRIE","H12","Conception, recherche, études et développement"
"H1202","Conception et dessin de produits électriques et électroniques","H","INDUSTRIE","H12","Conception, recherche, études et développement"
"H1203","Conception et dessin produits mécaniques","H","INDUSTRIE","H12","Conception, recherche, études et développement"
"H1204","Design industriel","H","INDUSTRIE","H12","Conception, recherche, études et développement"
"H1205","Études - modèles en industrie des matériaux souples","H","INDUSTRIE","H12","Conception, recherche, études et développement"
"H1206","Management et ingénierie études, recherche et développement industriel","H","INDUSTRIE","H12","Conception, recherche, études et développement"
"H1207","Rédaction technique","H","INDUSTRIE","H12","Conception, recherche, études et développement"
"H1208","Intervention technique en études et conception en automatisme","H","INDUSTRIE","H12","Conception, recherche, études et développement"
"H1209","Intervention technique en études et développement électronique","H","INDUSTRIE","H12","Conception, recherche, études et développement"
"H1210","Intervention technique en études, recherche et développement","H","INDUSTRIE","H12","Conception, recherche, études et développement"
"H1301","Inspection de conformité","H","INDUSTRIE","H13","Hygiène Sécurité Environnement -HSE- industriels"
"H1302","Management et ingénierie Hygiène Sécurité Environnement -HSE- industriels","H","INDUSTRIE","H13","Hygiène Sécurité Environnement -HSE- industriels"
"H1303","Intervention technique en Hygiène Sécurité Environnement -HSE- industriel","H","INDUSTRIE","H13","Hygiène Sécurité Environnement -HSE- industriels"
"H1401","Management et ingénierie gestion industrielle et logistique","H","INDUSTRIE","H14","Méthodes et gestion industrielles"
"H1402","Management et ingénierie méthodes et industrialisation","H","INDUSTRIE","H14","Méthodes et gestion industrielles"
"H1403","Intervention technique en gestion industrielle et logistique","H","INDUSTRIE","H14","Méthodes et gestion industrielles"
"H1404","Intervention technique en méthodes et industrialisation","H","INDUSTRIE","H14","Méthodes et gestion industrielles"
"H1501","Direction de laboratoire d''analyse industrielle","H","INDUSTRIE","H15","Qualité et analyses industrielles"
"H1502","Management et ingénierie qualité industrielle","H","INDUSTRIE","H15","Qualité et analyses industrielles"
"H1503","Intervention technique en laboratoire d''analyse industrielle","H","INDUSTRIE","H15","Qualité et analyses industrielles"
"H1504","Intervention technique en contrôle essai qualité en électricité et électronique","H","INDUSTRIE","H15","Qualité et analyses industrielles"
"H1505","Intervention technique en formulation et analyse sensorielle","H","INDUSTRIE","H15","Qualité et analyses industrielles"
"H1506","Intervention technique qualité en mécanique et travail des métaux","H","INDUSTRIE","H15","Qualité et analyses industrielles"
"H2101","Abattage et découpe des viandes","H","INDUSTRIE","H21","Alimentaire"
"H2102","Conduite d''équipement de production alimentaire","H","INDUSTRIE","H21","Alimentaire"
"H2201","Assemblage d''ouvrages en bois","H","INDUSTRIE","H22","Bois"
"H2202","Conduite d''équipement de fabrication de l''ameublement et du bois","H","INDUSTRIE","H22","Bois"
"H2203","Conduite d''installation de production de panneaux bois","H","INDUSTRIE","H22","Bois"
"H2204","Encadrement des industries de l''ameublement et du bois","H","INDUSTRIE","H22","Bois"
"H2205","Première transformation de bois d''oeuvre","H","INDUSTRIE","H22","Bois"
"H2206","Réalisation de menuiserie bois et tonnellerie","H","INDUSTRIE","H22","Bois"
"H2207","Réalisation de meubles en bois","H","INDUSTRIE","H22","Bois"
"H2208","Réalisation d''ouvrages décoratifs en bois","H","INDUSTRIE","H22","Bois"
"H2209","Intervention technique en ameublement et bois","H","INDUSTRIE","H22","Bois"
"H2301","Conduite d''équipement de production chimique ou pharmaceutique","H","INDUSTRIE","H23","Chimie et pharmacie"
"H2401","Assemblage - montage d''articles en cuirs, peaux","H","INDUSTRIE","H24","Cuir et textile"
"H2402","Assemblage - montage de vêtements et produits textiles","H","INDUSTRIE","H24","Cuir et textile"
"H2403","Conduite de machine de fabrication de produits textiles","H","INDUSTRIE","H24","Cuir et textile"
"H2404","Conduite de machine de production et transformation des fils","H","INDUSTRIE","H24","Cuir et textile"
"H2405","Conduite de machine de textiles nontissés","H","INDUSTRIE","H24","Cuir et textile"
"H2406","Conduite de machine de traitement textile","H","INDUSTRIE","H24","Cuir et textile"
"H2407","Conduite de machine de transformation et de finition des cuirs et peaux","H","INDUSTRIE","H24","Cuir et textile"
"H2408","Conduite de machine d''impression textile","H","INDUSTRIE","H24","Cuir et textile"
"H2409","Coupe cuir, textile et matériaux souples","H","INDUSTRIE","H24","Cuir et textile"
"H2410","Mise en forme, repassage et finitions en industrie textile","H","INDUSTRIE","H24","Cuir et textile"
"H2411","Montage de prototype cuir et matériaux souples","H","INDUSTRIE","H24","Cuir et textile"
"H2412","Patronnage - gradation","H","INDUSTRIE","H24","Cuir et textile"
"H2413","Préparation de fils, montage de métiers textiles","H","INDUSTRIE","H24","Cuir et textile"
"H2414","Préparation et finition d''articles en cuir et matériaux souples","H","INDUSTRIE","H24","Cuir et textile"
"H2415","Contrôle en industrie du cuir et du textile","H","INDUSTRIE","H24","Cuir et textile"
"H2501","Encadrement de production de matériel électrique et électronique","H","INDUSTRIE","H25","Direction, encadrement et pilotage de fabrication et production industrielles"
"H2502","Management et ingénierie de production","H","INDUSTRIE","H25","Direction, encadrement et pilotage de fabrication et production industrielles"
"H2503","Pilotage d''unité élémentaire de production mécanique ou de travail des métaux","H","INDUSTRIE","H25","Direction, encadrement et pilotage de fabrication et production industrielles"
"H2504","Encadrement d''équipe en industrie de transformation","H","INDUSTRIE","H25","Direction, encadrement et pilotage de fabrication et production industrielles"
"H2505","Encadrement d''équipe ou d''atelier en matériaux souples","H","INDUSTRIE","H25","Direction, encadrement et pilotage de fabrication et production industrielles"
"H2601","Bobinage électrique","H","INDUSTRIE","H26","Electronique et électricité"
"H2602","Câblage électrique et électromécanique","H","INDUSTRIE","H26","Electronique et électricité"
"H2603","Conduite d''installation automatisée de production électrique, électronique et microélectronique","H","INDUSTRIE","H26","Electronique et électricité"
"H2604","Montage de produits électriques et électroniques","H","INDUSTRIE","H26","Electronique et électricité"
"H2605","Montage et câblage électronique","H","INDUSTRIE","H26","Electronique et électricité"
"H2701","Pilotage d''installation énergétique et pétrochimique","H","INDUSTRIE","H27","Energie"
"H2801","Conduite d''équipement de transformation du verre","H","INDUSTRIE","H28","Matériaux de construction, céramique et verre"
"H2802","Conduite d''installation de production de matériaux de construction","H","INDUSTRIE","H28","Matériaux de construction, céramique et verre"
"H2803","Façonnage et émaillage en industrie céramique","H","INDUSTRIE","H28","Matériaux de construction, céramique et verre"
"H2804","Pilotage de centrale à béton prêt à l''emploi, ciment, enrobés et granulats","H","INDUSTRIE","H28","Matériaux de construction, céramique et verre"
"H2805","Pilotage d''installation de production verrière","H","INDUSTRIE","H28","Matériaux de construction, céramique et verre"
"H2901","Ajustement et montage de fabrication","H","INDUSTRIE","H29","Mécanique, travail des métaux et outillage"
"H2902","Chaudronnerie - tôlerie","H","INDUSTRIE","H29","Mécanique, travail des métaux et outillage"
"H2903","Conduite d''équipement d''usinage","H","INDUSTRIE","H29","Mécanique, travail des métaux et outillage"
"H2904","Conduite d''équipement de déformation des métaux","H","INDUSTRIE","H29","Mécanique, travail des métaux et outillage"
"H2905","Conduite d''équipement de formage et découpage des matériaux","H","INDUSTRIE","H29","Mécanique, travail des métaux et outillage"
"H2906","Conduite d''installation automatisée ou robotisée de fabrication mécanique","H","INDUSTRIE","H29","Mécanique, travail des métaux et outillage"
"H2907","Conduite d''installation de production des métaux","H","INDUSTRIE","H29","Mécanique, travail des métaux et outillage"
"H2908","Modelage de matériaux non métalliques","H","INDUSTRIE","H29","Mécanique, travail des métaux et outillage"
"H2909","Montage-assemblage mécanique","H","INDUSTRIE","H29","Mécanique, travail des métaux et outillage"
"H2910","Moulage sable","H","INDUSTRIE","H29","Mécanique, travail des métaux et outillage"
"H2911","Réalisation de structures métalliques","H","INDUSTRIE","H29","Mécanique, travail des métaux et outillage"
"H2912","Réglage d''équipement de production industrielle","H","INDUSTRIE","H29","Mécanique, travail des métaux et outillage"
"H2913","Soudage manuel","H","INDUSTRIE","H29","Mécanique, travail des métaux et outillage"
"H2914","Réalisation et montage en tuyauterie","H","INDUSTRIE","H29","Mécanique, travail des métaux et outillage"
"H3101","Conduite d''équipement de fabrication de papier ou de carton","H","INDUSTRIE","H31","Papier et carton"
"H3102","Conduite d''installation de pâte à papier","H","INDUSTRIE","H31","Papier et carton"
"H3201","Conduite d''équipement de formage des plastiques et caoutchoucs","H","INDUSTRIE","H32","Plastique, caoutchouc"
"H3202","Réglage d''équipement de formage des plastiques et caoutchoucs","H","INDUSTRIE","H32","Plastique, caoutchouc"
"H3203","Fabrication de pièces en matériaux composites","H","INDUSTRIE","H32","Plastique, caoutchouc"
"H3301","Conduite d''équipement de conditionnement","H","INDUSTRIE","H33","Préparation et conditionnement"
"H3302","Opérations manuelles d''assemblage, tri ou emballage","H","INDUSTRIE","H33","Préparation et conditionnement"
"H3303","Préparation de matières et produits industriels (broyage, mélange, ...)","H","INDUSTRIE","H33","Préparation et conditionnement"
"H3401","Conduite de traitement d''abrasion de surface","H","INDUSTRIE","H34","Traitements thermiques et traitements de surfaces"
"H3402","Conduite de traitement par dépôt de surface","H","INDUSTRIE","H34","Traitements thermiques et traitements de surfaces"
"H3403","Conduite de traitement thermique","H","INDUSTRIE","H34","Traitements thermiques et traitements de surfaces"
"H3404","Peinture industrielle","H","INDUSTRIE","H34","Traitements thermiques et traitements de surfaces"
"I1101","Direction et ingénierie en entretien infrastructure et bâti","I","INSTALLATION ET MAINTENANCE","I11","Encadrement"
"I1102","Management et ingénierie de maintenance industrielle","I","INSTALLATION ET MAINTENANCE","I11","Encadrement"
"I1103","Supervision d''entretien et gestion de véhicules","I","INSTALLATION ET MAINTENANCE","I11","Encadrement"
"I1201","Entretien d''affichage et mobilier urbain","I","INSTALLATION ET MAINTENANCE","I12","Entretien technique"
"I1202","Entretien et surveillance du tracé routier","I","INSTALLATION ET MAINTENANCE","I12","Entretien technique"
"I1203","Maintenance des bâtiments et des locaux","I","INSTALLATION ET MAINTENANCE","I12","Entretien technique"
"I1301","Installation et maintenance d''ascenseurs","I","INSTALLATION ET MAINTENANCE","I13","Equipements de production, équipements collectifs"
"I1302","Installation et maintenance d''automatismes","I","INSTALLATION ET MAINTENANCE","I13","Equipements de production, équipements collectifs"
"I1303","Installation et maintenance de distributeurs automatiques","I","INSTALLATION ET MAINTENANCE","I13","Equipements de production, équipements collectifs"
"I1304","Installation et maintenance d''équipements industriels et d''exploitation","I","INSTALLATION ET MAINTENANCE","I13","Equipements de production, équipements collectifs"
"I1305","Installation et maintenance électronique","I","INSTALLATION ET MAINTENANCE","I13","Equipements de production, équipements collectifs"
"I1306","Installation et maintenance en froid, conditionnement d''air","I","INSTALLATION ET MAINTENANCE","I13","Equipements de production, équipements collectifs"
"I1307","Installation et maintenance télécoms et courants faibles","I","INSTALLATION ET MAINTENANCE","I13","Equipements de production, équipements collectifs"
"I1308","Maintenance d''installation de chauffage","I","INSTALLATION ET MAINTENANCE","I13","Equipements de production, équipements collectifs"
"I1309","Maintenance électrique","I","INSTALLATION ET MAINTENANCE","I13","Equipements de production, équipements collectifs"
"I1310","Maintenance mécanique industrielle","I","INSTALLATION ET MAINTENANCE","I13","Equipements de production, équipements collectifs"
"I1401","Maintenance informatique et bureautique","I","INSTALLATION ET MAINTENANCE","I14","Equipements domestiques et informatique"
"I1402","Réparation de biens électrodomestiques","I","INSTALLATION ET MAINTENANCE","I14","Equipements domestiques et informatique"
"I1501","Intervention en grande hauteur","I","INSTALLATION ET MAINTENANCE","I15","Travaux d''accès difficile"
"I1502","Intervention en milieu subaquatique","I","INSTALLATION ET MAINTENANCE","I15","Travaux d''accès difficile"
"I1503","Intervention en milieux et produits nocifs","I","INSTALLATION ET MAINTENANCE","I15","Travaux d''accès difficile"
"I1601","Installation et maintenance en nautisme","I","INSTALLATION ET MAINTENANCE","I16","Véhicules, engins, aéronefs"
"I1602","Maintenance d''aéronefs","I","INSTALLATION ET MAINTENANCE","I16","Véhicules, engins, aéronefs"
"I1603","Maintenance d''engins de chantier, levage, manutention et de machines agricoles","I","INSTALLATION ET MAINTENANCE","I16","Véhicules, engins, aéronefs"
"I1604","Mécanique automobile et entretien de véhicules","I","INSTALLATION ET MAINTENANCE","I16","Véhicules, engins, aéronefs"
"I1605","Mécanique de marine","I","INSTALLATION ET MAINTENANCE","I16","Véhicules, engins, aéronefs"
"I1606","Réparation de carrosserie","I","INSTALLATION ET MAINTENANCE","I16","Véhicules, engins, aéronefs"
"I1607","Réparation de cycles, motocycles et motoculteurs de loisirs","I","INSTALLATION ET MAINTENANCE","I16","Véhicules, engins, aéronefs"
"J1101","Médecine de prévention","J","SANTE","J11","Praticiens médicaux"
"J1102","Médecine généraliste et spécialisée","J","SANTE","J11","Praticiens médicaux"
"J1103","Médecine dentaire","J","SANTE","J11","Praticiens médicaux"
"J1104","Suivi de la grossesse et de l''accouchement","J","SANTE","J11","Praticiens médicaux"
"J1201","Biologie médicale","J","SANTE","J12","Praticiens médico-techniques"
"J1202","Pharmacie","J","SANTE","J12","Praticiens médico-techniques"
"J1301","Personnel polyvalent des services hospitaliers","J","SANTE","J13","Professionnels médico-techniques"
"J1302","Analyses médicales","J","SANTE","J13","Professionnels médico-techniques"
"J1303","Assistance médico-technique","J","SANTE","J13","Professionnels médico-techniques"
"J1304","Aide en puériculture","J","SANTE","J13","Professionnels médico-techniques"
"J1305","Conduite de véhicules sanitaires","J","SANTE","J13","Professionnels médico-techniques"
"J1306","Imagerie médicale","J","SANTE","J13","Professionnels médico-techniques"
"J1307","Préparation en pharmacie","J","SANTE","J13","Professionnels médico-techniques"
"J1401","Audioprothèses","J","SANTE","J14","Rééducation et appareillage"
"J1402","Diététique","J","SANTE","J14","Rééducation et appareillage"
"J1403","Ergothérapie","J","SANTE","J14","Rééducation et appareillage"
"J1404","Kinésithérapie","J","SANTE","J14","Rééducation et appareillage"
"J1405","Optique - lunetterie","J","SANTE","J14","Rééducation et appareillage"
"J1406","Orthophonie","J","SANTE","J14","Rééducation et appareillage"
"J1407","Orthoptique","J","SANTE","J14","Rééducation et appareillage"
"J1408","Ostéopathie et chiropraxie","J","SANTE","J14","Rééducation et appareillage"
"J1409","Pédicurie et podologie","J","SANTE","J14","Rééducation et appareillage"
"J1410","Prothèses dentaires","J","SANTE","J14","Rééducation et appareillage"
"J1411","Prothèses et orthèses","J","SANTE","J14","Rééducation et appareillage"
"J1412","Rééducation en psychomotricité","J","SANTE","J14","Rééducation et appareillage"
"J1501","Soins d''hygiène, de confort du patient","J","SANTE","J15","Soins paramédicaux"
"J1502","Coordination de services médicaux ou paramédicaux","J","SANTE","J15","Soins paramédicaux"
"J1503","Soins infirmiers spécialisés en anesthésie","J","SANTE","J15","Soins paramédicaux"
"J1504","Soins infirmiers spécialisés en bloc opératoire","J","SANTE","J15","Soins paramédicaux"
"J1505","Soins infirmiers spécialisés en prévention","J","SANTE","J15","Soins paramédicaux"
"J1506","Soins infirmiers généralistes","J","SANTE","J15","Soins paramédicaux"
"J1507","Soins infirmiers spécialisés en puériculture","J","SANTE","J15","Soins paramédicaux"
"K1101","Accompagnement et médiation familiale","K","SERVICES A LA PERSONNE ET A LA COLLECTIVITE","K11","Accompagnement de la personne"
"K1102","Aide aux bénéficiaires d''une mesure de protection juridique","K","SERVICES A LA PERSONNE ET A LA COLLECTIVITE","K11","Accompagnement de la personne"
"K1103","Développement personnel et bien-être de la personne","K","SERVICES A LA PERSONNE ET A LA COLLECTIVITE","K11","Accompagnement de la personne"
"K1104","Psychologie","K","SERVICES A LA PERSONNE ET A LA COLLECTIVITE","K11","Accompagnement de la personne"
"K1201","Action sociale","K","SERVICES A LA PERSONNE ET A LA COLLECTIVITE","K12","Action sociale, socio-éducative et socio-culturelle"
"K1202","Éducation de jeunes enfants","K","SERVICES A LA PERSONNE ET A LA COLLECTIVITE","K12","Action sociale, socio-éducative et socio-culturelle"
"K1203","Encadrement technique en insertion professionnelle","K","SERVICES A LA PERSONNE ET A LA COLLECTIVITE","K12","Action sociale, socio-éducative et socio-culturelle"
"K1204","Médiation sociale et facilitation de la vie en société","K","SERVICES A LA PERSONNE ET A LA COLLECTIVITE","K12","Action sociale, socio-éducative et socio-culturelle"
"K1205","Information sociale","K","SERVICES A LA PERSONNE ET A LA COLLECTIVITE","K12","Action sociale, socio-éducative et socio-culturelle"
"K1206","Intervention socioculturelle","K","SERVICES A LA PERSONNE ET A LA COLLECTIVITE","K12","Action sociale, socio-éducative et socio-culturelle"
"K1207","Intervention socioéducative","K","SERVICES A LA PERSONNE ET A LA COLLECTIVITE","K12","Action sociale, socio-éducative et socio-culturelle"
"K1301","Accompagnement médicosocial","K","SERVICES A LA PERSONNE ET A LA COLLECTIVITE","K13","Aide à la vie quotidienne"
"K1302","Assistance auprès d''adultes","K","SERVICES A LA PERSONNE ET A LA COLLECTIVITE","K13","Aide à la vie quotidienne"
"K1303","Assistance auprès d''enfants","K","SERVICES A LA PERSONNE ET A LA COLLECTIVITE","K13","Aide à la vie quotidienne"
"K1304","Services domestiques","K","SERVICES A LA PERSONNE ET A LA COLLECTIVITE","K13","Aide à la vie quotidienne"
"K1305","Intervention sociale et familiale","K","SERVICES A LA PERSONNE ET A LA COLLECTIVITE","K13","Aide à la vie quotidienne"
"K1401","Conception et pilotage de la politique des pouvoirs publics","K","SERVICES A LA PERSONNE ET A LA COLLECTIVITE","K14","Conception et mise en oeuvre des politiques publiques"
"K1402","Conseil en Santé Publique","K","SERVICES A LA PERSONNE ET A LA COLLECTIVITE","K14","Conception et mise en oeuvre des politiques publiques"
"K1403","Management de structure de santé, sociale ou pénitentiaire","K","SERVICES A LA PERSONNE ET A LA COLLECTIVITE","K14","Conception et mise en oeuvre des politiques publiques"
"K1404","Mise en oeuvre et pilotage de la politique des pouvoirs publics","K","SERVICES A LA PERSONNE ET A LA COLLECTIVITE","K14","Conception et mise en oeuvre des politiques publiques"
"K1405","Représentation de l''Etat sur le territoire national ou international","K","SERVICES A LA PERSONNE ET A LA COLLECTIVITE","K14","Conception et mise en oeuvre des politiques publiques"
"K1501","Application des règles financières publiques","K","SERVICES A LA PERSONNE ET A LA COLLECTIVITE","K15","Contrôle public"
"K1502","Contrôle et inspection des Affaires Sociales","K","SERVICES A LA PERSONNE ET A LA COLLECTIVITE","K15","Contrôle public"
"K1503","Contrôle et inspection des impôts","K","SERVICES A LA PERSONNE ET A LA COLLECTIVITE","K15","Contrôle public"
"K1504","Contrôle et inspection du Trésor Public","K","SERVICES A LA PERSONNE ET A LA COLLECTIVITE","K15","Contrôle public"
"K1505","Protection des consommateurs et contrôle des échanges commerciaux","K","SERVICES A LA PERSONNE ET A LA COLLECTIVITE","K15","Contrôle public"
"K1601","Gestion de l''information et de la documentation","K","SERVICES A LA PERSONNE ET A LA COLLECTIVITE","K16","Culture et gestion documentaire"
"K1602","Gestion de patrimoine culturel","K","SERVICES A LA PERSONNE ET A LA COLLECTIVITE","K16","Culture et gestion documentaire"
"K1701","Personnel de la Défense","K","SERVICES A LA PERSONNE ET A LA COLLECTIVITE","K17","Défense, sécurité publique et secours"
"K1702","Direction de la sécurité civile et des secours","K","SERVICES A LA PERSONNE ET A LA COLLECTIVITE","K17","Défense, sécurité publique et secours"
"K1703","Direction opérationnelle de la défense","K","SERVICES A LA PERSONNE ET A LA COLLECTIVITE","K17","Défense, sécurité publique et secours"
"K1704","Management de la sécurité publique","K","SERVICES A LA PERSONNE ET A LA COLLECTIVITE","K17","Défense, sécurité publique et secours"
"K1705","Sécurité civile et secours","K","SERVICES A LA PERSONNE ET A LA COLLECTIVITE","K17","Défense, sécurité publique et secours"
"K1706","Sécurité publique","K","SERVICES A LA PERSONNE ET A LA COLLECTIVITE","K17","Défense, sécurité publique et secours"
"K1707","Surveillance municipale","K","SERVICES A LA PERSONNE ET A LA COLLECTIVITE","K17","Défense, sécurité publique et secours"
"K1801","Conseil en emploi et insertion socioprofessionnelle","K","SERVICES A LA PERSONNE ET A LA COLLECTIVITE","K18","Développement territorial et emploi"
"K1802","Développement local","K","SERVICES A LA PERSONNE ET A LA COLLECTIVITE","K18","Développement territorial et emploi"
"K1901","Aide et médiation judiciaire","K","SERVICES A LA PERSONNE ET A LA COLLECTIVITE","K19","Droit"
"K1902","Collaboration juridique","K","SERVICES A LA PERSONNE ET A LA COLLECTIVITE","K19","Droit"
"K1903","Défense et conseil juridique","K","SERVICES A LA PERSONNE ET A LA COLLECTIVITE","K19","Droit"
"K1904","Magistrature","K","SERVICES A LA PERSONNE ET A LA COLLECTIVITE","K19","Droit"
"K2101","Conseil en formation","K","SERVICES A LA PERSONNE ET A LA COLLECTIVITE","K21","Formation initiale et continue"
"K2102","Coordination pédagogique","K","SERVICES A LA PERSONNE ET A LA COLLECTIVITE","K21","Formation initiale et continue"
"K2103","Direction d''établissement et d''enseignement","K","SERVICES A LA PERSONNE ET A LA COLLECTIVITE","K21","Formation initiale et continue"
"K2104","Éducation et surveillance au sein d''établissements d''enseignement","K","SERVICES A LA PERSONNE ET A LA COLLECTIVITE","K21","Formation initiale et continue"
"K2105","Enseignement artistique","K","SERVICES A LA PERSONNE ET A LA COLLECTIVITE","K21","Formation initiale et continue"
"K2106","Enseignement des écoles","K","SERVICES A LA PERSONNE ET A LA COLLECTIVITE","K21","Formation initiale et continue"
"K2107","Enseignement général du second degré","K","SERVICES A LA PERSONNE ET A LA COLLECTIVITE","K21","Formation initiale et continue"
"K2108","Enseignement supérieur","K","SERVICES A LA PERSONNE ET A LA COLLECTIVITE","K21","Formation initiale et continue"
"K2109","Enseignement technique et professionnel","K","SERVICES A LA PERSONNE ET A LA COLLECTIVITE","K21","Formation initiale et continue"
"K2110","Formation en conduite de véhicules","K","SERVICES A LA PERSONNE ET A LA COLLECTIVITE","K21","Formation initiale et continue"
"K2111","Formation professionnelle","K","SERVICES A LA PERSONNE ET A LA COLLECTIVITE","K21","Formation initiale et continue"
"K2112","Orientation scolaire et professionnelle","K","SERVICES A LA PERSONNE ET A LA COLLECTIVITE","K21","Formation initiale et continue"
"K2201","Blanchisserie industrielle","K","SERVICES A LA PERSONNE ET A LA COLLECTIVITE","K22","Nettoyage et propreté industriels"
"K2202","Lavage de vitres","K","SERVICES A LA PERSONNE ET A LA COLLECTIVITE","K22","Nettoyage et propreté industriels"
"K2203","Management et inspection en propreté de locaux","K","SERVICES A LA PERSONNE ET A LA COLLECTIVITE","K22","Nettoyage et propreté industriels"
"K2204","Nettoyage de locaux","K","SERVICES A LA PERSONNE ET A LA COLLECTIVITE","K22","Nettoyage et propreté industriels"
"K2301","Distribution et assainissement d''eau","K","SERVICES A LA PERSONNE ET A LA COLLECTIVITE","K23","Propreté et environnement urbain"
"K2302","Management et inspection en environnement urbain","K","SERVICES A LA PERSONNE ET A LA COLLECTIVITE","K23","Propreté et environnement urbain"
"K2303","Nettoyage des espaces urbains","K","SERVICES A LA PERSONNE ET A LA COLLECTIVITE","K23","Propreté et environnement urbain"
"K2304","Revalorisation de produits industriels","K","SERVICES A LA PERSONNE ET A LA COLLECTIVITE","K23","Propreté et environnement urbain"
"K2305","Salubrité et traitement de nuisibles","K","SERVICES A LA PERSONNE ET A LA COLLECTIVITE","K23","Propreté et environnement urbain"
"K2306","Supervision d''exploitation éco-industrielle","K","SERVICES A LA PERSONNE ET A LA COLLECTIVITE","K23","Propreté et environnement urbain"
"K2401","Recherche en sciences de l''homme et de la société","K","SERVICES A LA PERSONNE ET A LA COLLECTIVITE","K24","Recherche"
"K2402","Recherche en sciences de l''univers, de la matière et du vivant","K","SERVICES A LA PERSONNE ET A LA COLLECTIVITE","K24","Recherche"
"K2501","Gardiennage de locaux","K","SERVICES A LA PERSONNE ET A LA COLLECTIVITE","K25","Sécurité privée"
"K2502","Management de sécurité privée","K","SERVICES A LA PERSONNE ET A LA COLLECTIVITE","K25","Sécurité privée"
"K2503","Sécurité et surveillance privées","K","SERVICES A LA PERSONNE ET A LA COLLECTIVITE","K25","Sécurité privée"
"K2601","Conduite d''opérations funéraires","K","SERVICES A LA PERSONNE ET A LA COLLECTIVITE","K26","Services funéraires"
"K2602","Conseil en services funéraires","K","SERVICES A LA PERSONNE ET A LA COLLECTIVITE","K26","Services funéraires"
"K2603","Thanatopraxie","K","SERVICES A LA PERSONNE ET A LA COLLECTIVITE","K26","Services funéraires"
"L1101","Animation musicale et scénique","L","SPECTACLE","L11","Animation de spectacles"
"L1102","Mannequinat et pose artistique","L","SPECTACLE","L11","Animation de spectacles"
"L1103","Présentation de spectacles ou d''émissions","L","SPECTACLE","L11","Animation de spectacles"
"L1201","Danse","L","SPECTACLE","L12","Artistes - interprètes du spectacle"
"L1202","Musique et chant","L","SPECTACLE","L12","Artistes - interprètes du spectacle"
"L1203","Art dramatique","L","SPECTACLE","L12","Artistes - interprètes du spectacle"
"L1204","Arts du cirque et arts visuels","L","SPECTACLE","L12","Artistes - interprètes du spectacle"
"L1301","Mise en scène de spectacles vivants","L","SPECTACLE","L13","Conception et production de spectacles"
"L1302","Production et administration spectacle, cinéma et audiovisuel","L","SPECTACLE","L13","Conception et production de spectacles"
"L1303","Promotion d''artistes et de spectacles","L","SPECTACLE","L13","Conception et production de spectacles"
"L1304","Réalisation cinématographique et audiovisuelle","L","SPECTACLE","L13","Conception et production de spectacles"
"L1401","Sportif professionnel","L","SPECTACLE","L14","Sport professionnel"
"L1501","Coiffure et maquillage spectacle","L","SPECTACLE","L15","Techniciens du spectacle"
"L1502","Costume et habillage spectacle","L","SPECTACLE","L15","Techniciens du spectacle"
"L1503","Décor et accessoires spectacle","L","SPECTACLE","L15","Techniciens du spectacle"
"L1504","Éclairage spectacle","L","SPECTACLE","L15","Techniciens du spectacle"
"L1505","Image cinématographique et télévisuelle","L","SPECTACLE","L15","Techniciens du spectacle"
"L1506","Machinerie spectacle","L","SPECTACLE","L15","Techniciens du spectacle"
"L1507","Montage audiovisuel et post-production","L","SPECTACLE","L15","Techniciens du spectacle"
"L1508","Prise de son et sonorisation","L","SPECTACLE","L15","Techniciens du spectacle"
"L1509","Régie générale","L","SPECTACLE","L15","Techniciens du spectacle"
"L1510","Films d''animation et effets spéciaux","L","SPECTACLE","L15","Techniciens du spectacle"
"M1101","Achats","M","SUPPORT A L''ENTREPRISE","M11","Achats"
"M1102","Direction des achats","M","SUPPORT A L''ENTREPRISE","M11","Achats"
"M1201","Analyse et ingénierie financière","M","SUPPORT A L''ENTREPRISE","M12","Comptabilité et gestion"
"M1202","Audit et contrôle comptables et financiers","M","SUPPORT A L''ENTREPRISE","M12","Comptabilité et gestion"
"M1203","Comptabilité","M","SUPPORT A L''ENTREPRISE","M12","Comptabilité et gestion"
"M1204","Contrôle de gestion","M","SUPPORT A L''ENTREPRISE","M12","Comptabilité et gestion"
"M1205","Direction administrative et financière","M","SUPPORT A L''ENTREPRISE","M12","Comptabilité et gestion"
"M1206","Management de groupe ou de service comptable","M","SUPPORT A L''ENTREPRISE","M12","Comptabilité et gestion"
"M1207","Trésorerie et financement","M","SUPPORT A L''ENTREPRISE","M12","Comptabilité et gestion"
"M1301","Direction de grande entreprise ou d''établissement public","M","SUPPORT A L''ENTREPRISE","M13","Direction d''entreprise"
"M1302","Direction de petite ou moyenne entreprise","M","SUPPORT A L''ENTREPRISE","M13","Direction d''entreprise"
"M1401","Conduite d''enquêtes","M","SUPPORT A L''ENTREPRISE","M14","Organisation et études"
"M1402","Conseil en organisation et management d''entreprise","M","SUPPORT A L''ENTREPRISE","M14","Organisation et études"
"M1403","Études et prospectives socio-économiques","M","SUPPORT A L''ENTREPRISE","M14","Organisation et études"
"M1404","Management et gestion d''enquêtes","M","SUPPORT A L''ENTREPRISE","M14","Organisation et études"
"M1501","Assistanat en ressources humaines","M","SUPPORT A L''ENTREPRISE","M15","Ressources humaines"
"M1502","Développement des ressources humaines","M","SUPPORT A L''ENTREPRISE","M15","Ressources humaines"
"M1503","Management des ressources humaines","M","SUPPORT A L''ENTREPRISE","M15","Ressources humaines"
"M1601","Accueil et renseignements","M","SUPPORT A L''ENTREPRISE","M16","Secrétariat et assistance"
"M1602","Opérations administratives","M","SUPPORT A L''ENTREPRISE","M16","Secrétariat et assistance"
"M1603","Distribution de documents","M","SUPPORT A L''ENTREPRISE","M16","Secrétariat et assistance"
"M1604","Assistanat de direction","M","SUPPORT A L''ENTREPRISE","M16","Secrétariat et assistance"
"M1605","Assistanat technique et administratif","M","SUPPORT A L''ENTREPRISE","M16","Secrétariat et assistance"
"M1606","Saisie de données","M","SUPPORT A L''ENTREPRISE","M16","Secrétariat et assistance"
"M1607","Secrétariat","M","SUPPORT A L''ENTREPRISE","M16","Secrétariat et assistance"
"M1608","Secrétariat comptable","M","SUPPORT A L''ENTREPRISE","M16","Secrétariat et assistance"
"M1609","Secrétariat et assistanat médical ou médico-social","M","SUPPORT A L''ENTREPRISE","M16","Secrétariat et assistance"
"M1701","Administration des ventes","M","SUPPORT A L''ENTREPRISE","M17","Stratégie commerciale, marketing et supervision des ventes"
"M1702","Analyse de tendance","M","SUPPORT A L''ENTREPRISE","M17","Stratégie commerciale, marketing et supervision des ventes"
"M1703","Management et gestion de produit","M","SUPPORT A L''ENTREPRISE","M17","Stratégie commerciale, marketing et supervision des ventes"
"M1704","Management relation clientèle","M","SUPPORT A L''ENTREPRISE","M17","Stratégie commerciale, marketing et supervision des ventes"
"M1705","Marketing","M","SUPPORT A L''ENTREPRISE","M17","Stratégie commerciale, marketing et supervision des ventes"
"M1706","Promotion des ventes","M","SUPPORT A L''ENTREPRISE","M17","Stratégie commerciale, marketing et supervision des ventes"
"M1707","Stratégie commerciale","M","SUPPORT A L''ENTREPRISE","M17","Stratégie commerciale, marketing et supervision des ventes"
"M1801","Administration de systèmes d''information","M","SUPPORT A L''ENTREPRISE","M18","Systèmes d''information et de télécommunication"
"M1802","Expertise et support en systèmes d''information","M","SUPPORT A L''ENTREPRISE","M18","Systèmes d''information et de télécommunication"
"M1803","Direction des systèmes d''information","M","SUPPORT A L''ENTREPRISE","M18","Systèmes d''information et de télécommunication"
"M1804","Études et développement de réseaux de télécoms","M","SUPPORT A L''ENTREPRISE","M18","Systèmes d''information et de télécommunication"
"M1805","Études et développement informatique","M","SUPPORT A L''ENTREPRISE","M18","Systèmes d''information et de télécommunication"
"M1806","Conseil et maîtrise d''ouvrage en systèmes d''information","M","SUPPORT A L''ENTREPRISE","M18","Systèmes d''information et de télécommunication"
"M1807","Exploitation de systèmes de communication et de commandement","M","SUPPORT A L''ENTREPRISE","M18","Systèmes d''information et de télécommunication"
"M1808","Information géographique","M","SUPPORT A L''ENTREPRISE","M18","Systèmes d''information et de télécommunication"
"M1809","Information météorologique","M","SUPPORT A L''ENTREPRISE","M18","Systèmes d''information et de télécommunication"
"M1810","Production et exploitation de systèmes d''information","M","SUPPORT A L''ENTREPRISE","M18","Systèmes d''information et de télécommunication"
"N1101","Conduite d''engins de déplacement des charges","N","TRANSPORT ET LOGISTIQUE","N11","Magasinage, manutention des charges et déménagement"
"N1102","Déménagement","N","TRANSPORT ET LOGISTIQUE","N11","Magasinage, manutention des charges et déménagement"
"N1103","Magasinage et préparation de commandes","N","TRANSPORT ET LOGISTIQUE","N11","Magasinage, manutention des charges et déménagement"
"N1104","Manoeuvre et conduite d''engins lourds de manutention","N","TRANSPORT ET LOGISTIQUE","N11","Magasinage, manutention des charges et déménagement"
"N1105","Manutention manuelle de charges","N","TRANSPORT ET LOGISTIQUE","N11","Magasinage, manutention des charges et déménagement"
"N1201","Affrètement transport","N","TRANSPORT ET LOGISTIQUE","N12","Organisation de la circulation des marchandises"
"N1202","Gestion des opérations de circulation internationale des marchandises","N","TRANSPORT ET LOGISTIQUE","N12","Organisation de la circulation des marchandises"
"N1301","Conception et organisation de la chaîne logistique","N","TRANSPORT ET LOGISTIQUE","N13","Personnel d''encadrement"
"N1302","Direction de site logistique","N","TRANSPORT ET LOGISTIQUE","N13","Personnel d''encadrement"
"N1303","Intervention technique d''exploitation logistique","N","TRANSPORT ET LOGISTIQUE","N13","Personnel d''encadrement"
"N2101","Navigation commerciale aérienne","N","TRANSPORT ET LOGISTIQUE","N21","Personnel navigant du transport aérien"
"N2102","Pilotage et navigation technique aérienne","N","TRANSPORT ET LOGISTIQUE","N21","Personnel navigant du transport aérien"
"N2201","Personnel d''escale aéroportuaire","N","TRANSPORT ET LOGISTIQUE","N22","Personnel sédentaire du transport aérien"
"N2202","Contrôle de la navigation aérienne","N","TRANSPORT ET LOGISTIQUE","N22","Personnel sédentaire du transport aérien"
"N2203","Exploitation des pistes aéroportuaires","N","TRANSPORT ET LOGISTIQUE","N22","Personnel sédentaire du transport aérien"
"N2204","Préparation des vols","N","TRANSPORT ET LOGISTIQUE","N22","Personnel sédentaire du transport aérien"
"N2205","Direction d''escale et exploitation aéroportuaire","N","TRANSPORT ET LOGISTIQUE","N22","Personnel sédentaire du transport aérien"
"N3101","Encadrement de la navigation maritime","N","TRANSPORT ET LOGISTIQUE","N31","Personnel navigant du transport maritime et fluvial"
"N3102","Equipage de la navigation maritime","N","TRANSPORT ET LOGISTIQUE","N31","Personnel navigant du transport maritime et fluvial"
"N3103","Navigation fluviale","N","TRANSPORT ET LOGISTIQUE","N31","Personnel navigant du transport maritime et fluvial"
"N3201","Exploitation des opérations portuaires et du transport maritime","N","TRANSPORT ET LOGISTIQUE","N32","Personnel sédentaire du transport maritime et fluvial"
"N3202","Exploitation du transport fluvial","N","TRANSPORT ET LOGISTIQUE","N32","Personnel sédentaire du transport maritime et fluvial"
"N3203","Manutention portuaire","N","TRANSPORT ET LOGISTIQUE","N32","Personnel sédentaire du transport maritime et fluvial"
"N4101","Conduite de transport de marchandises sur longue distance","N","TRANSPORT ET LOGISTIQUE","N41","Personnel de conduite du transport routier"
"N4102","Conduite de transport de particuliers","N","TRANSPORT ET LOGISTIQUE","N41","Personnel de conduite du transport routier"
"N4103","Conduite de transport en commun sur route","N","TRANSPORT ET LOGISTIQUE","N41","Personnel de conduite du transport routier"
"N4104","Courses et livraisons express","N","TRANSPORT ET LOGISTIQUE","N41","Personnel de conduite du transport routier"
"N4105","Conduite et livraison par tournées sur courte distance","N","TRANSPORT ET LOGISTIQUE","N41","Personnel de conduite du transport routier"
"N4201","Direction d''exploitation des transports routiers de marchandises","N","TRANSPORT ET LOGISTIQUE","N42","Personnel d''encadrement du transport routier"
"N4202","Direction d''exploitation des transports routiers de personnes","N","TRANSPORT ET LOGISTIQUE","N42","Personnel d''encadrement du transport routier"
"N4203","Intervention technique d''exploitation des transports routiers de marchandises","N","TRANSPORT ET LOGISTIQUE","N42","Personnel d''encadrement du transport routier"
"N4204","Intervention technique d''exploitation des transports routiers de personnes","N","TRANSPORT ET LOGISTIQUE","N42","Personnel d''encadrement du transport routier"
"N4301","Conduite sur rails","N","TRANSPORT ET LOGISTIQUE","N43","Personnel navigant du transport terrestre"
"N4302","Contrôle des transports en commun","N","TRANSPORT ET LOGISTIQUE","N43","Personnel navigant du transport terrestre"
"N4401","Circulation du réseau ferré","N","TRANSPORT ET LOGISTIQUE","N44","Personnel sédentaire du transport ferroviaire et réseau filo guidé"
"N4402","Exploitation et manoeuvre des remontées mécaniques","N","TRANSPORT ET LOGISTIQUE","N44","Personnel sédentaire du transport ferroviaire et réseau filo guidé"
"N4403","Manoeuvre du réseau ferré","N","TRANSPORT ET LOGISTIQUE","N44","Personnel sédentaire du transport ferroviaire et réseau filo guidé"
